id,description,userName,rating
1,Map 1,lorozco,1.7
2,Map 2,tarawheeler,1.1
3,Map 3,bradfordjennifer,4.6
4,Map 4,james67,1.6
5,Map 5,ginawood,4.6
6,Map 6,qanderson,4.6
7,Map 7,john78,4.4
8,Map 8,stefanie40,2.1
9,Map 9,abigail26,2.6
10,Map 10,isimmons,1.6
11,Map 11,williamsgina,1.5
12,Map 12,joneseric,4.2
13,Map 13,brendawilliams,1.2
14,Map 14,fwilson,1.5
15,Map 15,shannoncohen,3.3
16,Map 16,adam16,2.4
17,Map 17,johnmalone,4.5
18,Map 18,torressamantha,2.3
19,Map 19,davisbrian,3.5
20,Map 20,stevensscott,1.7
21,Map 21,nicholas92,1.2
22,Map 22,danielle90,4.3
23,Map 23,marissawest,4.5
24,Map 24,ogeorge,2.4
25,Map 25,cooleycarl,4.7
26,Map 26,juliewilliams,3.8
27,Map 27,castanedabobby,3.2
28,Map 28,lopezbeth,2.3
29,Map 29,nicholassloan,3.6
30,Map 30,devin42,4.1
31,Map 31,gomezkayla,3.6
32,Map 32,smithapril,2.2
33,Map 33,qpruitt,3.4
34,Map 34,jessicaknight,3.1
35,Map 35,theresa71,4.4
36,Map 36,kevinbarnes,4.6
37,Map 37,cooleycarl,3.8
38,Map 38,vincent87,1.4
39,Map 39,erincook,4.6
40,Map 40,tgibson,2.9
41,Map 41,aaustin,2.5
42,Map 42,zachary84,4.1
43,Map 43,gwendolyn48,1.9
44,Map 44,angelica15,1.5
45,Map 45,yweaver,4.8
46,Map 46,griffindonna,4.1
47,Map 47,ogeorge,3.2
48,Map 48,thomaslarson,1.4
49,Map 49,jguzman,3.1
50,Map 50,juliewilliams,3.6
51,Map 51,josephsmith,1.7
52,Map 52,jacqueline09,1.0
53,Map 53,egeorge,1.3
54,Map 54,richteresa,1.9
55,Map 55,wjoseph,1.8
56,Map 56,boonekarla,3.3
57,Map 57,patrick52,4.4
58,Map 58,scott14,3.7
59,Map 59,cynthiarose,4.4
60,Map 60,frankgould,1.3
61,Map 61,michelle07,4.9
62,Map 62,qlucas,1.0
63,Map 63,dennismelissa,3.9
64,Map 64,cheath,1.0
65,Map 65,costaphillip,4.8
66,Map 66,heather67,1.7
67,Map 67,lewisjeffrey,3.2
68,Map 68,charlesmichael,4.9
69,Map 69,richard28,2.7
70,Map 70,amber51,2.4
71,Map 71,heidi66,3.7
72,Map 72,meyersteven,4.1
73,Map 73,davistina,3.2
74,Map 74,zhernandez,5.0
75,Map 75,xmartinez,4.5
76,Map 76,fmullen,2.2
77,Map 77,laneryan,2.0
78,Map 78,kristinrussell,3.4
79,Map 79,guerreroheidi,3.3
80,Map 80,hendersonmichael,2.5
81,Map 81,carolyncollins,1.7
82,Map 82,elizabethedwards,4.9
83,Map 83,dwebb,5.0
84,Map 84,stephanie87,2.6
85,Map 85,qmooney,4.6
86,Map 86,victor49,3.2
87,Map 87,hclark,3.7
88,Map 88,sarahbrown,1.7
89,Map 89,brandon60,2.2
90,Map 90,nicholas92,4.0
91,Map 91,thomasgordon,4.6
92,Map 92,sydneybeck,2.2
93,Map 93,susan24,1.5
94,Map 94,nelsonmackenzie,2.6
95,Map 95,allison70,1.2
96,Map 96,joneseric,2.3
97,Map 97,james61,4.5
98,Map 98,adam50,4.8
99,Map 99,dlopez,3.6
100,Map 100,lauragibson,2.1
101,Map 101,brittanykennedy,1.1
102,Map 102,znicholson,4.5
103,Map 103,hendersonmichael,3.8
104,Map 104,angelacortez,2.0
105,Map 105,michaelwalsh,4.8
106,Map 106,hayesangel,2.4
107,Map 107,bbriggs,3.7
108,Map 108,erincook,1.0
109,Map 109,rwilliamson,2.9
110,Map 110,zhernandez,2.9
111,Map 111,leahlong,3.8
112,Map 112,jensenmeghan,3.2
113,Map 113,fwilliams,3.4
114,Map 114,awarren,3.4
115,Map 115,amyburns,4.5
116,Map 116,mccluretracey,3.2
117,Map 117,zfrancis,4.5
118,Map 118,alyssastanley,3.4
119,Map 119,gravesnatalie,4.6
120,Map 120,cynthiarose,4.0
121,Map 121,morristiffany,2.9
122,Map 122,atyler,2.1
123,Map 123,qpruitt,2.1
124,Map 124,anthonyfrey,3.5
125,Map 125,latoyarush,1.3
126,Map 126,hayesangel,1.5
127,Map 127,nicholasball,2.9
128,Map 128,khenry,3.9
129,Map 129,lindanorman,2.8
130,Map 130,kgonzalez,4.7
131,Map 131,daniel39,1.3
132,Map 132,reginavaldez,2.5
133,Map 133,williamslaura,3.6
134,Map 134,pamela24,2.1
135,Map 135,sheenabrady,3.7
136,Map 136,ryan38,3.0
137,Map 137,james61,4.6
138,Map 138,kingrussell,4.2
139,Map 139,barkerpaul,3.8
140,Map 140,yallen,4.5
141,Map 141,renee99,2.1
142,Map 142,dominguezlisa,3.0
143,Map 143,esmith,4.8
144,Map 144,michelle67,4.8
145,Map 145,zacharycarter,1.6
146,Map 146,cynthiaduran,1.7
147,Map 147,nguyenpamela,1.4
148,Map 148,reginaldward,1.1
149,Map 149,dlee,4.5
150,Map 150,richard56,2.5
151,Map 151,wilsonfrank,3.1
152,Map 152,tannermitchell,3.0
153,Map 153,douglas61,4.7
154,Map 154,michaelmyers,3.9
155,Map 155,ashleysnyder,1.9
156,Map 156,hernandezterrance,4.9
157,Map 157,latoyarush,2.6
158,Map 158,sarah03,4.9
159,Map 159,jacobscody,4.8
160,Map 160,alisonanderson,1.2
161,Map 161,scott79,3.8
162,Map 162,marvin09,4.9
163,Map 163,vcasey,2.6
164,Map 164,andrewhall,4.1
165,Map 165,deborah86,4.0
166,Map 166,patricia02,2.2
167,Map 167,huntjenny,2.0
168,Map 168,alyssastanley,1.5
169,Map 169,andrewsteresa,4.9
170,Map 170,martinheather,2.9
171,Map 171,scott79,4.7
172,Map 172,lindacruz,4.9
173,Map 173,loganrichard,1.9
174,Map 174,dwebb,1.7
175,Map 175,fwilliams,4.2
176,Map 176,gregoryturner,2.1
177,Map 177,leroy59,1.5
178,Map 178,tturner,4.2
179,Map 179,gouldjessica,3.3
180,Map 180,sextonriley,4.8
181,Map 181,scott24,3.4
182,Map 182,zmcconnell,3.3
183,Map 183,shanedavila,2.0
184,Map 184,chadglenn,3.1
185,Map 185,jonesjulia,2.5
186,Map 186,sburch,3.1
187,Map 187,james02,1.4
188,Map 188,davidroberts,4.6
189,Map 189,autumnsantiago,2.6
190,Map 190,sarah75,3.2
191,Map 191,bvaughn,4.0
192,Map 192,andrea37,2.1
193,Map 193,michaelgraves,3.5
194,Map 194,ctaylor,2.3
195,Map 195,aaustin,1.5
196,Map 196,jonesscott,4.2
197,Map 197,justinconner,3.6
198,Map 198,garciajoshua,2.7
199,Map 199,kristopher08,2.0
200,Map 200,fowlererica,4.5
201,Map 201,thomasjames,1.2
202,Map 202,reginavaldez,2.3
203,Map 203,bradfordjennifer,3.2
204,Map 204,smithmichael,1.8
205,Map 205,elizabethwilson,4.5
206,Map 206,daniel39,2.6
207,Map 207,thomasjames,2.7
208,Map 208,matthewsmith,2.8
209,Map 209,timothy10,1.8
210,Map 210,andrewhall,2.4
211,Map 211,dorispowell,2.5
212,Map 212,nicole47,2.4
213,Map 213,delgadocharles,2.9
214,Map 214,nicolesmith,4.8
215,Map 215,duncanerin,1.3
216,Map 216,montoyachristopher,3.8
217,Map 217,williamsanita,3.8
218,Map 218,rebecca95,2.0
219,Map 219,michael27,1.7
220,Map 220,singhalfred,2.9
221,Map 221,evansryan,2.6
222,Map 222,sharon29,1.5
223,Map 223,isaac88,1.5
224,Map 224,cruzdaniel,4.0
225,Map 225,smithapril,4.9
226,Map 226,nelsonbobby,1.6
227,Map 227,tracicunningham,1.5
228,Map 228,meganlong,3.6
229,Map 229,joyce99,2.2
230,Map 230,nhamilton,1.8
231,Map 231,timothy44,3.8
232,Map 232,shannonricky,3.3
233,Map 233,emily19,1.4
234,Map 234,otanner,2.4
235,Map 235,martinezsherry,2.6
236,Map 236,williamsjill,1.8
237,Map 237,amberbrown,1.4
238,Map 238,daniel71,4.5
239,Map 239,samuel67,2.9
240,Map 240,coxpaul,4.0
241,Map 241,freemanbryan,2.1
242,Map 242,david94,3.9
243,Map 243,kennethbrown,4.8
244,Map 244,omcmahon,2.1
245,Map 245,sarah75,1.9
246,Map 246,deanna93,4.5
247,Map 247,yweaver,2.2
248,Map 248,evansryan,3.8
249,Map 249,nicholassloan,4.7
250,Map 250,lisamaddox,4.7
251,Map 251,brendawilliams,3.3
252,Map 252,whitegeorge,1.9
253,Map 253,micheleyu,2.7
254,Map 254,amolina,2.3
255,Map 255,iwolfe,4.7
256,Map 256,whitemichael,2.8
257,Map 257,evansryan,3.6
258,Map 258,juliacaldwell,4.5
259,Map 259,james02,2.3
260,Map 260,stephanie67,2.8
261,Map 261,zmcconnell,2.7
262,Map 262,logan20,4.5
263,Map 263,garybeard,3.7
264,Map 264,vbush,1.1
265,Map 265,mccluretracey,3.6
266,Map 266,ejones,2.8
267,Map 267,emartin,1.5
268,Map 268,sarahburton,3.6
269,Map 269,loriclark,4.5
270,Map 270,scottseth,2.6
271,Map 271,oliversteven,1.7
272,Map 272,gjackson,1.3
273,Map 273,michellebrown,2.6
274,Map 274,daniel39,2.9
275,Map 275,odaniels,1.2
276,Map 276,danielfisher,4.8
277,Map 277,rjenkins,3.1
278,Map 278,ashley54,2.0
279,Map 279,james21,4.7
280,Map 280,bbriggs,1.3
281,Map 281,latoyarush,2.4
282,Map 282,fowlererica,2.7
283,Map 283,laurie14,2.8
284,Map 284,vcasey,1.7
285,Map 285,harrislacey,1.3
286,Map 286,thomaskristina,1.7
287,Map 287,scantrell,1.1
288,Map 288,tina45,1.9
289,Map 289,jensenmeghan,3.9
290,Map 290,darrell96,5.0
291,Map 291,dwagner,1.1
292,Map 292,lewisjeffrey,4.1
293,Map 293,kurtdavis,2.5
294,Map 294,donnaanderson,1.7
295,Map 295,williamslaura,1.7
296,Map 296,brianavila,5.0
297,Map 297,khayes,1.4
298,Map 298,ucarter,2.0
299,Map 299,smithcarla,1.7
300,Map 300,scott79,3.6
301,Map 301,fmullen,3.7
302,Map 302,alexismelendez,3.8
303,Map 303,zachary00,3.9
304,Map 304,youngmatthew,3.8
305,Map 305,mayshawn,5.0
306,Map 306,tcox,4.0
307,Map 307,nicolesmith,1.3
308,Map 308,caseykevin,2.7
309,Map 309,garciadavid,2.5
310,Map 310,marissawest,1.9
311,Map 311,richard97,2.4
312,Map 312,ronaldbell,4.9
313,Map 313,umclaughlin,4.9
314,Map 314,autumnsantiago,1.2
315,Map 315,kevinwilliamson,2.9
316,Map 316,umclaughlin,1.0
317,Map 317,logan20,3.9
318,Map 318,drakeregina,1.8
319,Map 319,gravesnatalie,3.8
320,Map 320,moralesruth,1.3
321,Map 321,lisacortez,1.1
322,Map 322,brianavila,4.8
323,Map 323,teresa49,3.7
324,Map 324,isaiahwatson,3.2
325,Map 325,angela49,4.6
326,Map 326,thomaslarson,2.4
327,Map 327,wlane,4.5
328,Map 328,kanecassidy,3.6
329,Map 329,montoyachristopher,4.0
330,Map 330,cruzdavid,1.2
331,Map 331,marktaylor,3.6
332,Map 332,michelle07,4.1
333,Map 333,julie07,2.7
334,Map 334,heatherdavis,4.9
335,Map 335,salinastodd,1.9
336,Map 336,jeffreypierce,2.7
337,Map 337,michaelgomez,2.8
338,Map 338,wrightjoseph,1.4
339,Map 339,tammy57,2.3
340,Map 340,haynesgregory,3.5
341,Map 341,delgadocharles,1.3
342,Map 342,melissa49,3.4
343,Map 343,ybailey,2.3
344,Map 344,brianhoward,1.8
345,Map 345,beckyduarte,3.8
346,Map 346,aking,1.3
347,Map 347,gerald71,1.3
348,Map 348,lbarker,1.7
349,Map 349,fwilliams,4.3
350,Map 350,codypatterson,1.7
351,Map 351,adunn,4.4
352,Map 352,gomezchristine,2.4
353,Map 353,cynthia79,3.0
354,Map 354,chenbrandon,4.5
355,Map 355,sholt,4.2
356,Map 356,yweaver,3.1
357,Map 357,ewalker,2.2
358,Map 358,shall,4.3
359,Map 359,whitegeorge,3.8
360,Map 360,lorozco,1.2
361,Map 361,sburch,3.2
362,Map 362,kellidavis,1.1
363,Map 363,xberry,1.1
364,Map 364,marybraun,2.0
365,Map 365,jonowen,3.8
366,Map 366,hernandezwilliam,3.6
367,Map 367,ryan18,5.0
368,Map 368,sburch,1.5
369,Map 369,zmcconnell,3.0
370,Map 370,woodsherry,5.0
371,Map 371,cevans,3.4
372,Map 372,weissedward,3.3
373,Map 373,todd53,2.2
374,Map 374,thomaskristina,1.0
375,Map 375,conradjohn,3.9
376,Map 376,vbrown,4.4
377,Map 377,umclaughlin,3.4
378,Map 378,hurleyshane,1.5
379,Map 379,elizabethhess,4.1
380,Map 380,mollymartinez,2.8
381,Map 381,josephmartinez,3.7
382,Map 382,wareheidi,2.7
383,Map 383,lindacruz,1.2
384,Map 384,riverasamantha,3.7
385,Map 385,carmenmcmahon,4.7
386,Map 386,dwebb,3.6
387,Map 387,daniellereed,1.1
388,Map 388,rhays,2.4
389,Map 389,kenneth53,1.8
390,Map 390,jason95,3.5
391,Map 391,veronica23,4.4
392,Map 392,baldwinjulie,1.9
393,Map 393,emorgan,1.5
394,Map 394,rhays,3.3
395,Map 395,melissa49,4.6
396,Map 396,xphillips,2.4
397,Map 397,jessebrown,2.4
398,Map 398,saracohen,1.3
399,Map 399,mayshawn,4.9
400,Map 400,johnsoncheryl,1.9
401,Map 401,julie54,1.9
402,Map 402,kcontreras,1.3
403,Map 403,gperkins,1.9
404,Map 404,jacob49,1.6
405,Map 405,pglass,3.4
406,Map 406,qpruitt,4.8
407,Map 407,fstark,4.3
408,Map 408,deborah86,2.7
409,Map 409,griffindonna,2.7
410,Map 410,wilsonfrank,2.6
411,Map 411,davisbrian,4.1
412,Map 412,joannegreene,4.4
413,Map 413,mmoore,4.0
414,Map 414,harrellmarcus,3.3
415,Map 415,stephanie87,1.3
416,Map 416,colleen50,1.6
417,Map 417,dlopez,3.4
418,Map 418,micheleguzman,3.9
419,Map 419,livingstonjustin,3.9
420,Map 420,znicholson,4.9
421,Map 421,elizabethdorsey,3.0
422,Map 422,belltina,2.5
423,Map 423,hernandezwilliam,1.3
424,Map 424,scotttodd,2.3
425,Map 425,robertsonwilliam,3.4
426,Map 426,perkinsmichelle,1.8
427,Map 427,cwaters,2.8
428,Map 428,lisamaddox,2.6
429,Map 429,ecrawford,2.2
430,Map 430,jjohnson,2.1
431,Map 431,jessicaknight,1.6
432,Map 432,salinastodd,3.0
433,Map 433,kenneth78,1.1
434,Map 434,parkerian,2.8
435,Map 435,anne63,3.7
436,Map 436,oliversteven,2.6
437,Map 437,gouldjessica,4.9
438,Map 438,daniel71,2.5
439,Map 439,scott79,2.3
440,Map 440,emma99,1.4
441,Map 441,atyler,3.3
442,Map 442,asmith,1.7
443,Map 443,kmejia,3.9
444,Map 444,otanner,2.3
445,Map 445,barryholden,1.2
446,Map 446,brandon86,1.3
447,Map 447,cadkins,3.2
448,Map 448,timothy44,2.6
449,Map 449,patricksmith,1.9
450,Map 450,justinconner,5.0
451,Map 451,jasminedurham,3.6
452,Map 452,fosterdwayne,2.3
453,Map 453,zmcconnell,1.6
454,Map 454,renee99,1.3
455,Map 455,pbarnett,3.3
456,Map 456,jonesscott,4.2
457,Map 457,margaret63,1.3
458,Map 458,adrianbishop,1.3
459,Map 459,mary89,5.0
460,Map 460,ryan38,4.8
461,Map 461,angelmartinez,2.7
462,Map 462,littledonna,2.4
463,Map 463,colleen50,3.8
464,Map 464,jessetyler,1.4
465,Map 465,xlewis,1.0
466,Map 466,hurleyshane,2.0
467,Map 467,davidsonjennifer,1.6
468,Map 468,george57,4.2
469,Map 469,montoyachristopher,2.4
470,Map 470,scott79,3.3
471,Map 471,xmartinez,2.3
472,Map 472,maymelissa,3.5
473,Map 473,jamesbrady,1.4
474,Map 474,cynthia79,4.9
475,Map 475,hurstleah,4.4
476,Map 476,watsonwilliam,3.2
477,Map 477,rbond,3.0
478,Map 478,andrew57,3.4
479,Map 479,davidbullock,1.8
480,Map 480,morganjennifer,2.9
481,Map 481,lauragibson,4.3
482,Map 482,carolyncollins,1.2
483,Map 483,kirkpatrick,4.9
484,Map 484,craigelizabeth,3.3
485,Map 485,jordanjennifer,2.3
486,Map 486,zachary84,1.5
487,Map 487,mcphersonhannah,5.0
488,Map 488,alisonanderson,4.0
489,Map 489,atyler,1.9
490,Map 490,otanner,4.6
491,Map 491,mccluretracey,2.7
492,Map 492,rhays,4.5
493,Map 493,awarren,1.1
494,Map 494,tgibson,3.9
495,Map 495,sanchezrobert,5.0
496,Map 496,linda24,1.4
497,Map 497,ialvarado,4.3
498,Map 498,rachaeldavis,4.0
499,Map 499,danielle33,3.4
500,Map 500,kimberlyfischer,4.3
501,Map 501,williamsonmackenzie,5.0
502,Map 502,kimberly58,2.2
503,Map 503,kevinwilliamson,5.0
504,Map 504,alec83,1.5
505,Map 505,abigail26,1.0
506,Map 506,craigtyler,1.1
507,Map 507,freemanbryan,4.7
508,Map 508,castrojohn,3.0
509,Map 509,dlee,4.0
510,Map 510,michaelmyers,3.4
511,Map 511,matthewsmith,2.2
512,Map 512,alexandramorris,4.2
513,Map 513,zcruz,1.5
514,Map 514,pierceemily,3.7
515,Map 515,travishughes,1.6
516,Map 516,jsmall,4.7
517,Map 517,aaustin,2.1
518,Map 518,josephcrawford,3.9
519,Map 519,kristopher08,3.6
520,Map 520,stephenjacobs,4.3
521,Map 521,justinward,1.5
522,Map 522,kenneth75,1.6
523,Map 523,james57,1.5
524,Map 524,mary82,3.6
525,Map 525,ramosmary,3.1
526,Map 526,hendersonmichael,2.0
527,Map 527,jason66,1.9
528,Map 528,lisamaddox,1.4
529,Map 529,dramirez,3.9
530,Map 530,stuart47,3.5
531,Map 531,cooleycarl,2.5
532,Map 532,wjoseph,4.1
533,Map 533,kmejia,4.5
534,Map 534,millermichael,1.4
535,Map 535,mwebster,4.5
536,Map 536,zcruz,3.1
537,Map 537,tammy57,2.5
538,Map 538,gonzaleseddie,1.2
539,Map 539,martinkristin,3.0
540,Map 540,tcox,3.0
541,Map 541,johnny36,1.8
542,Map 542,gibsonandrew,3.5
543,Map 543,christopherskinner,4.9
544,Map 544,stephenjacobs,3.7
545,Map 545,michelle07,3.7
546,Map 546,andrea84,4.7
547,Map 547,ijames,4.5
548,Map 548,andrew95,4.2
549,Map 549,angela49,4.1
550,Map 550,danielfisher,3.9
551,Map 551,stacybrown,4.0
552,Map 552,destiny66,2.8
553,Map 553,yallen,1.7
554,Map 554,zhernandez,3.0
555,Map 555,davidbullock,2.1
556,Map 556,angelacortez,3.0
557,Map 557,tgibson,3.6
558,Map 558,bwhite,4.7
559,Map 559,zhernandez,2.8
560,Map 560,felicia04,2.0
561,Map 561,kimberlypatel,3.8
562,Map 562,qmiller,2.8
563,Map 563,jesse24,4.2
564,Map 564,owensdylan,3.6
565,Map 565,stefanie40,3.3
566,Map 566,asmith,2.8
567,Map 567,jonathanwilliamson,1.8
568,Map 568,rickey16,2.8
569,Map 569,michele56,2.4
570,Map 570,aclark,4.8
571,Map 571,alisonanderson,4.2
572,Map 572,thomaskristina,4.9
573,Map 573,ryan18,4.5
574,Map 574,mary89,2.9
575,Map 575,kiara58,4.2
576,Map 576,alexismelendez,4.2
577,Map 577,coxpaul,1.2
578,Map 578,millerlinda,2.1
579,Map 579,kiara58,2.5
580,Map 580,talvarez,3.9
581,Map 581,omcmahon,1.8
582,Map 582,tgibson,4.2
583,Map 583,andreajones,3.1
584,Map 584,nhamilton,4.6
585,Map 585,melissa82,3.6
586,Map 586,joyce99,1.2
587,Map 587,nicholasball,1.5
588,Map 588,qpruitt,2.6
589,Map 589,troy18,2.2
590,Map 590,mallory31,1.1
591,Map 591,xjohnson,3.7
592,Map 592,meyersteven,4.6
593,Map 593,saracohen,3.6
594,Map 594,barkerpaul,1.5
595,Map 595,jeffreypierce,3.6
596,Map 596,dsmith,2.6
597,Map 597,singhalfred,4.6
598,Map 598,kriggs,1.6
599,Map 599,bradley61,1.5
600,Map 600,leroy59,1.5
601,Map 601,jenna40,4.9
602,Map 602,tarawheeler,1.1
603,Map 603,scotttodd,3.7
604,Map 604,watkinssarah,2.0
605,Map 605,eadams,4.6
606,Map 606,sharon07,3.4
607,Map 607,schmidtannette,4.9
608,Map 608,isaiahwatson,4.0
609,Map 609,laura06,5.0
610,Map 610,eric28,1.0
611,Map 611,carterzoe,3.5
612,Map 612,jbraun,4.2
613,Map 613,htorres,2.8
614,Map 614,michellesalinas,4.8
615,Map 615,lorozco,2.1
616,Map 616,pbarnett,3.8
617,Map 617,shannonricky,4.5
618,Map 618,garciajoshua,2.7
619,Map 619,theresa71,1.0
620,Map 620,yayers,2.2
621,Map 621,stephanie68,4.3
622,Map 622,elizabethgarcia,1.6
623,Map 623,ivasquez,4.5
624,Map 624,iroach,2.3
625,Map 625,esmith,4.6
626,Map 626,amberbrown,4.5
627,Map 627,ricejesse,3.3
628,Map 628,williamslaura,2.4
629,Map 629,egeorge,2.8
630,Map 630,margaret63,4.8
631,Map 631,dlee,4.7
632,Map 632,juan08,1.5
633,Map 633,baldwinkatherine,2.1
634,Map 634,andersonlori,4.3
635,Map 635,aaron62,3.9
636,Map 636,craig62,3.1
637,Map 637,andrew95,4.7
638,Map 638,melissajoseph,3.8
639,Map 639,apeterson,3.6
640,Map 640,suzannewoods,3.2
641,Map 641,marybraun,4.8
642,Map 642,hayden62,3.6
643,Map 643,asmith,1.9
644,Map 644,louis89,4.8
645,Map 645,staceybartlett,1.6
646,Map 646,anthonyfrey,4.2
647,Map 647,ijames,3.9
648,Map 648,lindsay66,4.7
649,Map 649,weissedward,2.7
650,Map 650,wilsonfrank,1.8
651,Map 651,ewalker,4.5
652,Map 652,morganjennifer,2.4
653,Map 653,xlane,3.5
654,Map 654,orozcoandrew,1.2
655,Map 655,mayshawn,4.1
656,Map 656,andrewsteresa,2.7
657,Map 657,evansryan,4.9
658,Map 658,theresa77,1.5
659,Map 659,holmesstacy,2.6
660,Map 660,omooney,3.2
661,Map 661,weissedward,5.0
662,Map 662,rebecca03,1.1
663,Map 663,zglass,4.4
664,Map 664,tlopez,3.5
665,Map 665,kirkpatrick,4.1
666,Map 666,davistina,4.8
667,Map 667,joneseric,1.1
668,Map 668,delgadocharles,3.1
669,Map 669,hardyjeffrey,3.0
670,Map 670,sabrina69,4.9
671,Map 671,riosbethany,1.2
672,Map 672,ogeorge,1.8
673,Map 673,khernandez,2.6
674,Map 674,johnsontravis,4.5
675,Map 675,xwade,2.1
676,Map 676,duranronald,3.8
677,Map 677,millerlinda,5.0
678,Map 678,kelleydaniel,2.3
679,Map 679,wlane,3.3
680,Map 680,ufoster,4.8
681,Map 681,taylorsmith,1.1
682,Map 682,denise28,4.9
683,Map 683,james67,4.4
684,Map 684,phernandez,1.9
685,Map 685,stephensdaniel,3.3
686,Map 686,barkerpaul,3.5
687,Map 687,alexanderbrian,4.2
688,Map 688,randall70,1.4
689,Map 689,fowen,4.0
690,Map 690,michelle07,4.5
691,Map 691,williamsanita,2.5
692,Map 692,riveraashley,3.9
693,Map 693,thomasgordon,3.8
694,Map 694,markgonzales,3.8
695,Map 695,lisa72,2.2
696,Map 696,tturner,4.7
697,Map 697,david94,2.2
698,Map 698,xpeterson,1.7
699,Map 699,andrea37,1.9
700,Map 700,alyssa82,4.3
701,Map 701,morrisonwillie,1.9
702,Map 702,andrewsteresa,4.0
703,Map 703,itodd,2.7
704,Map 704,bbriggs,3.4
705,Map 705,andreajones,2.5
706,Map 706,dramirez,4.4
707,Map 707,morganlowe,4.5
708,Map 708,sean58,3.7
709,Map 709,clarkbailey,1.9
710,Map 710,emily19,2.3
711,Map 711,wiseadam,4.5
712,Map 712,wallacedarryl,1.6
713,Map 713,joyce99,3.1
714,Map 714,shart,3.9
715,Map 715,deborah23,2.7
716,Map 716,teresa49,4.0
717,Map 717,phall,1.8
718,Map 718,yorkkatherine,4.6
719,Map 719,juliewilliams,4.5
720,Map 720,guerrerobrenda,4.5
721,Map 721,drakeregina,1.3
722,Map 722,ericrodriguez,2.6
723,Map 723,zrandall,3.3
724,Map 724,stanleykeith,2.9
725,Map 725,montoyachristopher,3.6
726,Map 726,padillajoseph,4.8
727,Map 727,williamross,2.0
728,Map 728,rhodge,4.4
729,Map 729,iwolfe,4.0
730,Map 730,theresa77,1.3
731,Map 731,maurice19,4.5
732,Map 732,vbrooks,2.4
733,Map 733,francisco33,4.3
734,Map 734,taylorsmith,1.5
735,Map 735,nicolesmith,1.7
736,Map 736,billy26,3.3
737,Map 737,khayes,3.8
738,Map 738,logan20,4.9
739,Map 739,melissa49,3.7
740,Map 740,hcuevas,2.1
741,Map 741,rcurry,1.1
742,Map 742,isimmons,1.4
743,Map 743,bryantjulie,4.4
744,Map 744,andersonlori,1.2
745,Map 745,andrewhall,4.7
746,Map 746,zcook,1.9
747,Map 747,brandi75,1.7
748,Map 748,felicia04,3.0
749,Map 749,henryanthony,4.9
750,Map 750,sonyasmith,2.3
751,Map 751,billy26,4.7
752,Map 752,josephmartinez,4.4
753,Map 753,amy88,4.3
754,Map 754,deborah86,1.8
755,Map 755,waynemorgan,3.9
756,Map 756,parkerian,4.1
757,Map 757,heidigreen,2.8
758,Map 758,sandraowens,4.6
759,Map 759,stefanie40,4.2
760,Map 760,tgibson,1.5
761,Map 761,dennismelissa,2.1
762,Map 762,jtucker,1.5
763,Map 763,caroline25,1.8
764,Map 764,parkerian,2.5
765,Map 765,qboyd,1.0
766,Map 766,micheal08,4.1
767,Map 767,aking,2.1
768,Map 768,loriclark,4.4
769,Map 769,gary86,2.0
770,Map 770,hatfieldchristine,4.9
771,Map 771,qbradshaw,1.2
772,Map 772,ginawood,2.1
773,Map 773,lisa72,2.5
774,Map 774,suzanne58,2.1
775,Map 775,maria65,1.6
776,Map 776,williamsonmackenzie,4.7
777,Map 777,brianmueller,1.8
778,Map 778,melissa16,4.7
779,Map 779,jessicadavis,3.8
780,Map 780,parkerhaley,2.6
781,Map 781,jonathancampbell,1.1
782,Map 782,fmoore,1.2
783,Map 783,zjenkins,2.0
784,Map 784,huntkimberly,4.1
785,Map 785,gouldjessica,2.6
786,Map 786,ricejesse,2.9
787,Map 787,margaret63,1.2
788,Map 788,wking,4.3
789,Map 789,bwhite,3.4
790,Map 790,urobinson,4.6
791,Map 791,alexis29,4.2
792,Map 792,johnwade,1.2
793,Map 793,danielwood,4.2
794,Map 794,esmith,3.3
795,Map 795,wilsonfrank,2.9
796,Map 796,ramirezalexis,1.9
797,Map 797,caroline25,1.1
798,Map 798,kristinahenderson,2.8
799,Map 799,kirkpatrick,3.1
800,Map 800,zacharyclark,4.6
801,Map 801,kingwilliam,1.7
802,Map 802,sarahgraves,1.6
803,Map 803,qmiller,3.2
804,Map 804,josephsmith,3.8
805,Map 805,angela05,3.0
806,Map 806,vbrooks,2.0
807,Map 807,fgriffin,3.6
808,Map 808,iwolfe,4.8
809,Map 809,guerreroheidi,3.3
810,Map 810,johnhale,3.5
811,Map 811,amandaryan,3.5
812,Map 812,michaelwalsh,2.6
813,Map 813,clarkbailey,1.8
814,Map 814,melissa82,2.7
815,Map 815,james21,3.5
816,Map 816,shall,4.5
817,Map 817,emily19,3.9
818,Map 818,cgomez,1.8
819,Map 819,baldwinjulie,2.1
820,Map 820,wagnermadison,1.2
821,Map 821,stephanie87,3.5
822,Map 822,wigginsyvonne,4.4
823,Map 823,millerlinda,4.0
824,Map 824,beckyduarte,2.2
825,Map 825,joseph82,2.4
826,Map 826,andrew57,3.6
827,Map 827,michaelmyers,2.8
828,Map 828,mgriffin,4.3
829,Map 829,jonesscott,1.5
830,Map 830,gibsonjames,2.7
831,Map 831,jacob49,4.4
832,Map 832,deborah23,3.8
833,Map 833,pbarnett,3.7
834,Map 834,brendawilliams,3.7
835,Map 835,loganrichard,2.2
836,Map 836,carolyncollins,2.2
837,Map 837,jesusbraun,3.0
838,Map 838,sarah25,2.7
839,Map 839,nelsonconnie,4.6
840,Map 840,anne63,2.0
841,Map 841,coleamy,4.4
842,Map 842,crystalrussell,1.5
843,Map 843,brandonsantos,2.3
844,Map 844,ffrazier,1.1
845,Map 845,michael27,4.1
846,Map 846,qbrown,2.9
847,Map 847,umclaughlin,2.4
848,Map 848,andersonlori,2.4
849,Map 849,kevin12,3.9
850,Map 850,erincook,2.5
851,Map 851,cynthiarose,3.0
852,Map 852,thomasjoshua,1.1
853,Map 853,kimberlyfischer,1.8
854,Map 854,brian45,3.7
855,Map 855,cadkins,4.7
856,Map 856,ybailey,1.3
857,Map 857,sabrina69,3.2
858,Map 858,ejones,2.5
859,Map 859,fgriffin,1.9
860,Map 860,durhammelinda,4.5
861,Map 861,wilsonfrank,4.1
862,Map 862,loganrichard,4.7
863,Map 863,kimberly58,3.9
864,Map 864,denise28,4.1
865,Map 865,vwilson,1.8
866,Map 866,steven55,1.4
867,Map 867,charlesrogers,2.0
868,Map 868,bryantjulie,4.8
869,Map 869,danielwood,3.3
870,Map 870,hatfieldchristine,1.2
871,Map 871,wadechristopher,4.0
872,Map 872,michaelgraves,2.7
873,Map 873,jameswoods,4.5
874,Map 874,justinward,3.1
875,Map 875,barkerpaul,1.7
876,Map 876,taylortroy,1.2
877,Map 877,awarren,4.9
878,Map 878,reginavaldez,1.6
879,Map 879,vwilson,1.3
880,Map 880,brendawhitehead,4.0
881,Map 881,kevinbarnes,2.4
882,Map 882,anthonyramirez,4.7
883,Map 883,erincook,4.3
884,Map 884,millermichael,4.7
885,Map 885,dgates,4.3
886,Map 886,zrandall,3.2
887,Map 887,davidwheeler,5.0
888,Map 888,autumnsantiago,3.9
889,Map 889,kevinbarnes,2.3
890,Map 890,delgadocharles,4.3
891,Map 891,esmith,1.1
892,Map 892,parkerian,1.4
893,Map 893,aking,4.7
894,Map 894,gravesnatalie,4.8
895,Map 895,mckenziedominique,3.4
896,Map 896,alejandroaguilar,4.6
897,Map 897,floydmaria,4.6
898,Map 898,carlos39,1.6
899,Map 899,nicholas92,4.3
900,Map 900,qbradshaw,4.1
901,Map 901,karispence,4.4
902,Map 902,joseph62,2.4
903,Map 903,micheleguzman,4.7
904,Map 904,fwilliams,4.0
905,Map 905,lauraweiss,2.2
906,Map 906,louis89,4.3
907,Map 907,alejandroaguilar,2.5
908,Map 908,zjenkins,3.6
909,Map 909,ubradley,2.9
910,Map 910,sabrina69,4.3
911,Map 911,dortiz,3.1
912,Map 912,micheleyu,2.2
913,Map 913,luis99,2.2
914,Map 914,kristinahenderson,2.3
915,Map 915,allisonmathews,4.2
916,Map 916,brad70,4.5
917,Map 917,thomasjames,2.7
918,Map 918,huntkimberly,1.7
919,Map 919,melindamyers,3.7
920,Map 920,zbuchanan,2.1
921,Map 921,devin42,2.7
922,Map 922,zthomas,1.4
923,Map 923,tharris,1.4
924,Map 924,shall,3.5
925,Map 925,kyleaguilar,3.8
926,Map 926,paul27,3.7
927,Map 927,tomstone,2.6
928,Map 928,petersonhannah,3.6
929,Map 929,kirkpatrick,1.3
930,Map 930,garciadavid,4.7
931,Map 931,atyler,3.5
932,Map 932,amy88,3.0
933,Map 933,meyersteven,4.9
934,Map 934,michele09,3.1
935,Map 935,beckyduarte,1.7
936,Map 936,victor49,4.9
937,Map 937,torrescarlos,1.1
938,Map 938,joannegreene,2.9
939,Map 939,jessicadavis,3.8
940,Map 940,davidjones,2.5
941,Map 941,dlee,1.6
942,Map 942,qpruitt,4.5
943,Map 943,romanheather,1.4
944,Map 944,pennyjensen,1.9
945,Map 945,elizabethwilson,4.0
946,Map 946,elizabeth70,2.4
947,Map 947,guerreroheidi,4.3
948,Map 948,hermankristen,4.0
949,Map 949,morganlowe,1.4
950,Map 950,marissawest,4.8
951,Map 951,lisaalvarez,2.6
952,Map 952,alyssastanley,2.6
953,Map 953,ericmiller,2.4
954,Map 954,thomaskristina,2.4
955,Map 955,orozcoandrew,4.8
956,Map 956,meganlong,2.6
957,Map 957,christinajohnson,3.6
958,Map 958,tiffany59,3.1
959,Map 959,joneseric,3.5
960,Map 960,travishughes,2.5
961,Map 961,laura45,2.4
962,Map 962,ronaldbell,3.0
963,Map 963,ashlee33,2.5
964,Map 964,denise07,2.5
965,Map 965,osellers,3.7
966,Map 966,qmorris,2.0
967,Map 967,stephaniegomez,1.8
968,Map 968,gperkins,1.9
969,Map 969,jonesscott,2.4
970,Map 970,julie07,3.3
971,Map 971,arielsteele,3.9
972,Map 972,heidi66,5.0
973,Map 973,gary86,1.3
974,Map 974,unorris,1.9
975,Map 975,matthewstewart,1.2
976,Map 976,murrayeric,1.6
977,Map 977,sarah77,2.3
978,Map 978,caroline25,2.6
979,Map 979,laurie14,4.0
980,Map 980,terrireyes,2.7
981,Map 981,elizabethgarcia,5.0
982,Map 982,devin42,2.4
983,Map 983,nallen,4.7
984,Map 984,haynesgregory,3.1
985,Map 985,melissa82,3.1
986,Map 986,gary83,3.7
987,Map 987,dramirez,2.6
988,Map 988,hollysteele,3.3
989,Map 989,fmoore,3.6
990,Map 990,courtneycastillo,1.6
991,Map 991,crossbrent,2.0
992,Map 992,suzanne58,1.4
993,Map 993,anne63,5.0
994,Map 994,sandraparker,1.6
995,Map 995,dwagner,1.7
996,Map 996,williamsanita,4.6
997,Map 997,timothy44,2.7
998,Map 998,baldwinkatherine,3.0
999,Map 999,williamsonmackenzie,2.2
1000,Map 1000,gregoryturner,4.3
1001,Map 1001,mberry,3.9
1002,Map 1002,johnmartinez,1.9
1003,Map 1003,careymark,1.5
1004,Map 1004,xsimmons,1.5
1005,Map 1005,qbradshaw,4.3
1006,Map 1006,thomasjoshua,3.5
1007,Map 1007,julian60,3.0
1008,Map 1008,aguilarjonathan,1.8
1009,Map 1009,michelle76,4.4
1010,Map 1010,adam47,1.8
1011,Map 1011,ycurry,1.2
1012,Map 1012,qbradshaw,2.1
1013,Map 1013,melindamyers,4.7
1014,Map 1014,joseph82,1.4
1015,Map 1015,kennethbrown,1.2
1016,Map 1016,anne63,2.2
1017,Map 1017,todd89,2.0
1018,Map 1018,christopherellis,3.9
1019,Map 1019,matthewstewart,1.1
1020,Map 1020,fmullen,3.5
1021,Map 1021,gbarrett,1.5
1022,Map 1022,caroline25,4.4
1023,Map 1023,dgates,4.2
1024,Map 1024,hansenernest,3.5
1025,Map 1025,aaron62,2.3
1026,Map 1026,omooney,2.8
1027,Map 1027,jose99,2.6
1028,Map 1028,holmesstacy,2.8
1029,Map 1029,brandon78,2.8
1030,Map 1030,julia07,1.3
1031,Map 1031,penatyler,1.5
1032,Map 1032,zgriffin,2.4
1033,Map 1033,brendawhitehead,3.0
1034,Map 1034,barryholden,3.3
1035,Map 1035,rebecca03,1.5
1036,Map 1036,jason66,2.0
1037,Map 1037,scotttodd,4.4
1038,Map 1038,wallacedarryl,1.6
1039,Map 1039,sarah75,2.7
1040,Map 1040,ashleysnyder,1.6
1041,Map 1041,dwagner,4.9
1042,Map 1042,lauraperez,3.6
1043,Map 1043,schmidtannette,1.3
1044,Map 1044,sheenabrady,4.0
1045,Map 1045,ericrodriguez,3.8
1046,Map 1046,isimmons,4.9
1047,Map 1047,zfrancis,1.9
1048,Map 1048,heatherdavis,2.9
1049,Map 1049,gbarrett,3.2
1050,Map 1050,gouldjessica,2.4
1051,Map 1051,louis89,1.8
1052,Map 1052,kristinrussell,4.0
1053,Map 1053,lorozco,2.6
1054,Map 1054,richrachel,1.8
1055,Map 1055,leejennifer,3.5
1056,Map 1056,dwebb,2.0
1057,Map 1057,donna86,2.5
1058,Map 1058,thomaskristina,1.5
1059,Map 1059,scott24,3.6
1060,Map 1060,harrislacey,1.9
1061,Map 1061,andersonlori,4.0
1062,Map 1062,wrightjoseph,3.0
1063,Map 1063,stuart47,1.8
1064,Map 1064,suzannewoods,4.7
1065,Map 1065,michaelmyers,4.1
1066,Map 1066,tarawhite,1.3
1067,Map 1067,ginawood,2.1
1068,Map 1068,paul27,4.2
1069,Map 1069,rbond,1.6
1070,Map 1070,lisaalvarez,1.1
1071,Map 1071,ghall,3.3
1072,Map 1072,omcmahon,2.1
1073,Map 1073,petersonjohn,2.0
1074,Map 1074,benjamingriffith,4.6
1075,Map 1075,andrea89,1.3
1076,Map 1076,millerlinda,3.8
1077,Map 1077,olsonisaiah,2.4
1078,Map 1078,talvarez,2.2
1079,Map 1079,xruiz,2.4
1080,Map 1080,michaelmyers,4.0
1081,Map 1081,davidroberts,1.1
1082,Map 1082,qbarrett,2.4
1083,Map 1083,juliecarroll,3.3
1084,Map 1084,rbond,4.1
1085,Map 1085,perkinsmichelle,3.4
1086,Map 1086,cooleycarl,4.6
1087,Map 1087,clarkbailey,1.5
1088,Map 1088,zachary84,3.4
1089,Map 1089,sarah03,1.2
1090,Map 1090,dominguezlisa,3.8
1091,Map 1091,ksimpson,2.5
1092,Map 1092,james02,1.4
1093,Map 1093,gibsonjames,4.5
1094,Map 1094,holmesstacy,3.9
1095,Map 1095,awarren,3.1
1096,Map 1096,danielle90,3.1
1097,Map 1097,marybraun,3.3
1098,Map 1098,fowen,2.8
1099,Map 1099,smithcarla,4.7
1100,Map 1100,christopher66,1.2
1101,Map 1101,andrea37,1.4
1102,Map 1102,nguyentravis,3.6
1103,Map 1103,pennyjensen,2.7
1104,Map 1104,mgeorge,1.5
1105,Map 1105,dwoods,3.4
1106,Map 1106,jacobglenn,1.6
1107,Map 1107,bwhite,4.8
1108,Map 1108,tlopez,4.7
1109,Map 1109,bcampbell,2.0
1110,Map 1110,angelacortez,2.2
1111,Map 1111,fowen,1.7
1112,Map 1112,sharon07,2.8
1113,Map 1113,brandon60,1.3
1114,Map 1114,morrisedgar,1.4
1115,Map 1115,tlopez,1.6
1116,Map 1116,danielle90,2.9
1117,Map 1117,josephsmith,2.6
1118,Map 1118,stephensdaniel,3.0
1119,Map 1119,johnwade,4.9
1120,Map 1120,brandon60,4.5
1121,Map 1121,smithmichael,2.4
1122,Map 1122,usmith,4.2
1123,Map 1123,shannonjohnson,3.6
1124,Map 1124,julie54,2.5
1125,Map 1125,hsalazar,1.3
1126,Map 1126,kimberlyfischer,4.8
1127,Map 1127,veronica23,2.7
1128,Map 1128,xwade,1.5
1129,Map 1129,scott79,2.8
1130,Map 1130,ramirezalexis,3.0
1131,Map 1131,sarah75,3.8
1132,Map 1132,griffindonna,4.8
1133,Map 1133,kristen74,3.9
1134,Map 1134,sonyasmith,3.5
1135,Map 1135,brent57,3.3
1136,Map 1136,xwade,1.3
1137,Map 1137,brandonlee,4.6
1138,Map 1138,qbarrett,1.8
1139,Map 1139,sextonriley,2.3
1140,Map 1140,zbuchanan,2.6
1141,Map 1141,johnsoncheryl,1.6
1142,Map 1142,eduran,1.6
1143,Map 1143,danielle33,2.4
1144,Map 1144,padillajoseph,4.0
1145,Map 1145,hatfieldchristine,1.8
1146,Map 1146,aprilperry,2.7
1147,Map 1147,caldwelldavid,4.7
1148,Map 1148,nicholsmatthew,4.5
1149,Map 1149,julie54,4.5
1150,Map 1150,timothy10,1.1
1151,Map 1151,craigelizabeth,2.9
1152,Map 1152,jensenmeghan,2.3
1153,Map 1153,hayden62,1.9
1154,Map 1154,scott14,2.4
1155,Map 1155,michaelwalsh,1.4
1156,Map 1156,andrewalvarado,4.9
1157,Map 1157,romanheather,1.9
1158,Map 1158,joseph68,4.8
1159,Map 1159,mmoore,2.9
1160,Map 1160,saracohen,2.0
1161,Map 1161,wrodriguez,4.8
1162,Map 1162,ashlee33,3.5
1163,Map 1163,harrellmarcus,2.0
1164,Map 1164,larry18,1.6
1165,Map 1165,garciadavid,3.1
1166,Map 1166,matthewsmith,1.4
1167,Map 1167,austinjames,3.0
1168,Map 1168,zacharycarter,2.9
1169,Map 1169,haynesgregory,2.5
1170,Map 1170,cooleycarl,4.1
1171,Map 1171,wedwards,3.2
1172,Map 1172,parkerhaley,2.4
1173,Map 1173,alec83,4.8
1174,Map 1174,xwade,1.2
1175,Map 1175,qboyd,1.3
1176,Map 1176,ghall,3.0
1177,Map 1177,jessebrown,2.1
1178,Map 1178,laura06,2.3
1179,Map 1179,orozcoandrew,1.7
1180,Map 1180,tannermitchell,2.9
1181,Map 1181,morganjennifer,2.9
1182,Map 1182,stephaniespence,5.0
1183,Map 1183,xgibson,2.1
1184,Map 1184,allisonmathews,3.1
1185,Map 1185,scott14,3.0
1186,Map 1186,karendorsey,4.9
1187,Map 1187,lopezbeth,3.3
1188,Map 1188,christina02,2.0
1189,Map 1189,baldwinkatherine,1.4
1190,Map 1190,joelhamilton,1.4
1191,Map 1191,millermichael,3.5
1192,Map 1192,cruzdavid,1.6
1193,Map 1193,qlucas,1.6
1194,Map 1194,daniel39,4.0
1195,Map 1195,adam16,1.0
1196,Map 1196,cassidyalexander,3.6
1197,Map 1197,stricklandtamara,1.9
1198,Map 1198,bbriggs,1.3
1199,Map 1199,allison70,1.8
1200,Map 1200,deborah23,3.8
1201,Map 1201,pennyjensen,4.5
1202,Map 1202,adam50,1.9
1203,Map 1203,logan20,4.8
1204,Map 1204,petersonhannah,1.1
1205,Map 1205,juanrussell,4.3
1206,Map 1206,solomonlisa,4.5
1207,Map 1207,ynunez,1.9
1208,Map 1208,wilsonderrick,4.7
1209,Map 1209,james61,3.1
1210,Map 1210,orozcoandrew,2.6
1211,Map 1211,jtucker,4.7
1212,Map 1212,erica71,3.2
1213,Map 1213,gonzaleseddie,4.3
1214,Map 1214,upearson,3.3
1215,Map 1215,fhood,3.8
1216,Map 1216,gmcdonald,4.6
1217,Map 1217,jeffreypierce,4.1
1218,Map 1218,daniel39,1.5
1219,Map 1219,mayshawn,1.7
1220,Map 1220,whitemichael,4.4
1221,Map 1221,daniel96,3.9
1222,Map 1222,brent57,3.4
1223,Map 1223,tharris,4.5
1224,Map 1224,tarawhite,2.9
1225,Map 1225,smithchristina,3.0
1226,Map 1226,williamsanita,3.5
1227,Map 1227,stuart47,4.8
1228,Map 1228,reginavaldez,1.1
1229,Map 1229,gibsonjames,4.1
1230,Map 1230,esmith,2.7
1231,Map 1231,erin67,3.1
1232,Map 1232,andrew57,2.6
1233,Map 1233,samuel67,2.3
1234,Map 1234,timothy29,2.2
1235,Map 1235,ramosmary,3.2
1236,Map 1236,julian60,1.2
1237,Map 1237,laneryan,4.1
1238,Map 1238,gravesnatalie,1.3
1239,Map 1239,kimberly58,4.8
1240,Map 1240,parkerian,1.5
1241,Map 1241,wharris,2.7
1242,Map 1242,tmayo,2.0
1243,Map 1243,martinheather,1.5
1244,Map 1244,davidwheeler,4.3
1245,Map 1245,burnsshari,4.9
1246,Map 1246,gperkins,3.4
1247,Map 1247,matthewbyrd,4.0
1248,Map 1248,cadkins,1.3
1249,Map 1249,louis89,1.0
1250,Map 1250,bwhite,1.9
1251,Map 1251,youngmatthew,4.0
1252,Map 1252,nobrien,2.8
1253,Map 1253,wharris,1.1
1254,Map 1254,tannermitchell,3.2
1255,Map 1255,usmith,3.8
1256,Map 1256,daniellarson,2.8
1257,Map 1257,juan08,3.4
1258,Map 1258,tarawheeler,3.5
1259,Map 1259,juliacaldwell,2.2
1260,Map 1260,johnbaker,2.7
1261,Map 1261,ebraun,1.5
1262,Map 1262,gina37,4.1
1263,Map 1263,stephanie67,3.9
1264,Map 1264,bwhite,4.5
1265,Map 1265,marvin09,1.5
1266,Map 1266,markgonzales,3.1
1267,Map 1267,juliewilliams,1.2
1268,Map 1268,gomezkayla,1.9
1269,Map 1269,jonowen,1.6
1270,Map 1270,hayden62,4.8
1271,Map 1271,costaphillip,3.5
1272,Map 1272,brendawhitehead,2.4
1273,Map 1273,rhays,1.1
1274,Map 1274,blackburnchad,1.0
1275,Map 1275,teresa49,4.6
1276,Map 1276,wproctor,2.5
1277,Map 1277,aaron62,4.2
1278,Map 1278,xphillips,2.9
1279,Map 1279,williamsanita,4.7
1280,Map 1280,petersbrianna,2.1
1281,Map 1281,scotttodd,2.7
1282,Map 1282,duranronald,4.4
1283,Map 1283,htorres,1.1
1284,Map 1284,mckenziedominique,3.7
1285,Map 1285,qbarrett,1.5
1286,Map 1286,crystalrussell,3.2
1287,Map 1287,zrandall,1.3
1288,Map 1288,parkerian,1.2
1289,Map 1289,pricetammy,3.2
1290,Map 1290,fgriffin,3.8
1291,Map 1291,courtneycastillo,4.4
1292,Map 1292,brad70,2.6
1293,Map 1293,micheleguzman,3.5
1294,Map 1294,hansenernest,3.0
1295,Map 1295,nguyenpamela,2.7
1296,Map 1296,bradfordjennifer,4.7
1297,Map 1297,dduncan,4.4
1298,Map 1298,jamesbrady,2.9
1299,Map 1299,htorres,2.1
1300,Map 1300,christophertorres,2.1
1301,Map 1301,derek51,2.4
1302,Map 1302,qlucas,1.5
1303,Map 1303,lauradavis,1.6
1304,Map 1304,stevensscott,4.3
1305,Map 1305,lorichoi,3.4
1306,Map 1306,michaelmyers,2.0
1307,Map 1307,jessicaknight,4.4
1308,Map 1308,khayes,4.4
1309,Map 1309,qbradshaw,3.8
1310,Map 1310,kevinbarnes,3.7
1311,Map 1311,davidroberts,1.3
1312,Map 1312,christophertorres,2.7
1313,Map 1313,nicholsjill,2.8
1314,Map 1314,jessebrown,1.5
1315,Map 1315,ginawood,1.2
1316,Map 1316,melissa16,3.1
1317,Map 1317,gina37,3.9
1318,Map 1318,pricetammy,3.2
1319,Map 1319,lisamaddox,3.6
1320,Map 1320,fwilliams,3.0
1321,Map 1321,pennyjensen,4.3
1322,Map 1322,shall,2.1
1323,Map 1323,carol57,3.2
1324,Map 1324,kristinrussell,3.4
1325,Map 1325,logan20,3.1
1326,Map 1326,dominguezlisa,4.1
1327,Map 1327,ijames,1.7
1328,Map 1328,andrea11,4.2
1329,Map 1329,smithedward,1.7
1330,Map 1330,gina37,1.5
1331,Map 1331,rhodge,5.0
1332,Map 1332,stanleykeith,1.0
1333,Map 1333,juliacaldwell,3.8
1334,Map 1334,justinconner,4.0
1335,Map 1335,dlopez,2.1
1336,Map 1336,tsolomon,1.9
1337,Map 1337,cruzdavid,1.4
1338,Map 1338,lorozco,4.6
1339,Map 1339,felicia04,3.3
1340,Map 1340,morganjennifer,2.3
1341,Map 1341,iwolfe,4.3
1342,Map 1342,douglas61,4.1
1343,Map 1343,steven55,2.0
1344,Map 1344,lauraperez,2.0
1345,Map 1345,richard01,1.5
1346,Map 1346,johnlopez,4.8
1347,Map 1347,jchambers,1.9
1348,Map 1348,jason66,1.9
1349,Map 1349,jasminedurham,3.9
1350,Map 1350,julie54,1.2
1351,Map 1351,wking,4.6
1352,Map 1352,yanderson,3.0
1353,Map 1353,solomonlisa,3.8
1354,Map 1354,andrea47,2.4
1355,Map 1355,hcuevas,2.4
1356,Map 1356,conradjohn,3.9
1357,Map 1357,kellymay,2.8
1358,Map 1358,tomstone,1.1
1359,Map 1359,danielle33,1.8
1360,Map 1360,smithcarla,1.0
1361,Map 1361,luis99,4.8
1362,Map 1362,awatts,3.0
1363,Map 1363,dlopez,2.2
1364,Map 1364,maria65,2.2
1365,Map 1365,jchambers,2.2
1366,Map 1366,donald10,1.0
1367,Map 1367,yweaver,1.0
1368,Map 1368,linda26,3.1
1369,Map 1369,charles03,4.3
1370,Map 1370,kevin16,1.5
1371,Map 1371,travishughes,5.0
1372,Map 1372,mmoore,1.7
1373,Map 1373,williamsjill,2.6
1374,Map 1374,shannoncohen,4.1
1375,Map 1375,gerald71,1.6
1376,Map 1376,yorkjohn,1.7
1377,Map 1377,daviddennis,2.1
1378,Map 1378,flowersmatthew,4.3
1379,Map 1379,barryholden,3.2
1380,Map 1380,ijames,4.8
1381,Map 1381,huntjenny,1.3
1382,Map 1382,sextonriley,2.8
1383,Map 1383,eric28,1.2
1384,Map 1384,fgriffin,4.6
1385,Map 1385,qanderson,2.2
1386,Map 1386,zbarker,2.5
1387,Map 1387,yfernandez,1.5
1388,Map 1388,joshua06,1.9
1389,Map 1389,darrell96,4.1
1390,Map 1390,shanedavila,3.2
1391,Map 1391,usmith,2.8
1392,Map 1392,davidjones,4.4
1393,Map 1393,chadglenn,1.5
1394,Map 1394,martinezsherry,2.6
1395,Map 1395,deanna87,3.7
1396,Map 1396,guerrerobrenda,1.3
1397,Map 1397,autumnsantiago,1.2
1398,Map 1398,cheyennerichard,3.1
1399,Map 1399,talvarez,1.5
1400,Map 1400,maurice19,1.3
1401,Map 1401,jonesjulia,4.8
1402,Map 1402,staceybartlett,3.1
1403,Map 1403,james49,3.0
1404,Map 1404,vbrown,2.5
1405,Map 1405,gregoryturner,4.5
1406,Map 1406,stefanie40,3.3
1407,Map 1407,xwade,2.0
1408,Map 1408,palmermatthew,4.9
1409,Map 1409,awatts,3.9
1410,Map 1410,laura06,2.0
1411,Map 1411,montoyachristopher,4.5
1412,Map 1412,jwilliams,5.0
1413,Map 1413,esmith,2.7
1414,Map 1414,sarahgraves,1.5
1415,Map 1415,craigelizabeth,2.6
1416,Map 1416,phernandez,3.6
1417,Map 1417,beckyduarte,3.7
1418,Map 1418,delgadocharles,4.9
1419,Map 1419,mgeorge,3.1
1420,Map 1420,suzanne58,2.8
1421,Map 1421,brandon60,1.0
1422,Map 1422,tharris,2.2
1423,Map 1423,zking,3.3
1424,Map 1424,brent57,3.0
1425,Map 1425,courtneycastillo,2.8
1426,Map 1426,urobinson,1.4
1427,Map 1427,mark72,4.0
1428,Map 1428,angelica15,2.0
1429,Map 1429,castanedabobby,4.9
1430,Map 1430,greerkaren,4.1
1431,Map 1431,davidroberts,1.6
1432,Map 1432,joseph10,2.4
1433,Map 1433,johnnyjohnson,3.8
1434,Map 1434,sanchezrichard,3.4
1435,Map 1435,bfoster,4.1
1436,Map 1436,linda84,1.7
1437,Map 1437,alexismelendez,3.6
1438,Map 1438,ecole,1.2
1439,Map 1439,bfoster,2.3
1440,Map 1440,richard01,1.7
1441,Map 1441,aaron62,4.1
1442,Map 1442,maxwell15,3.3
1443,Map 1443,ufoster,2.0
1444,Map 1444,ryan38,4.1
1445,Map 1445,douglas61,1.7
1446,Map 1446,jameswoods,3.5
1447,Map 1447,elizabethfitzgerald,4.1
1448,Map 1448,perkinsmichelle,4.2
1449,Map 1449,manuel78,2.9
1450,Map 1450,troycole,3.0
1451,Map 1451,alec83,1.4
1452,Map 1452,jtucker,3.3
1453,Map 1453,cheath,2.1
1454,Map 1454,melissa16,3.6
1455,Map 1455,michaelstevens,4.8
1456,Map 1456,luissmith,2.0
1457,Map 1457,deborah23,4.3
1458,Map 1458,wharris,4.3
1459,Map 1459,qanderson,4.8
1460,Map 1460,juliebrown,3.7
1461,Map 1461,emily19,2.8
1462,Map 1462,dwoods,2.3
1463,Map 1463,rodriguezjoshua,1.7
1464,Map 1464,gina37,1.4
1465,Map 1465,gjackson,4.7
1466,Map 1466,vhanson,3.4
1467,Map 1467,lhenderson,2.2
1468,Map 1468,cbrown,2.5
1469,Map 1469,scott24,3.6
1470,Map 1470,brianavila,4.2
1471,Map 1471,michaelwalsh,2.9
1472,Map 1472,james21,3.0
1473,Map 1473,egeorge,4.5
1474,Map 1474,nicole47,1.1
1475,Map 1475,baileyhailey,1.1
1476,Map 1476,umclaughlin,3.0
1477,Map 1477,allisonmathews,4.5
1478,Map 1478,terrencerobinson,2.8
1479,Map 1479,dduncan,1.1
1480,Map 1480,julie07,4.0
1481,Map 1481,sarah77,3.0
1482,Map 1482,daniellarson,4.4
1483,Map 1483,laura52,2.2
1484,Map 1484,sherri87,4.1
1485,Map 1485,karen61,4.4
1486,Map 1486,rhays,1.5
1487,Map 1487,dorseystephanie,4.3
1488,Map 1488,bvaughn,4.4
1489,Map 1489,gking,2.7
1490,Map 1490,calvin75,3.3
1491,Map 1491,veronica23,3.7
1492,Map 1492,louis89,3.2
1493,Map 1493,cynthia38,4.7
1494,Map 1494,michaelgomez,4.1
1495,Map 1495,dramirez,2.2
1496,Map 1496,heather94,2.7
1497,Map 1497,stacybrown,1.8
1498,Map 1498,emily19,3.4
1499,Map 1499,scraig,1.2
1500,Map 1500,stephanie56,4.7
1501,Map 1501,kristinrussell,2.3
1502,Map 1502,freemanbryan,1.7
1503,Map 1503,jason35,4.6
1504,Map 1504,frankgould,2.0
1505,Map 1505,gerald71,2.9
1506,Map 1506,nicholsmatthew,4.4
1507,Map 1507,gibsonjames,4.4
1508,Map 1508,loriclark,2.4
1509,Map 1509,adamschaefer,2.9
1510,Map 1510,jessewade,4.9
1511,Map 1511,jjohnson,4.1
1512,Map 1512,martinheather,3.4
1513,Map 1513,stevencameron,3.0
1514,Map 1514,jennifersmith,2.1
1515,Map 1515,jenna89,1.8
1516,Map 1516,mcphersonhannah,2.0
1517,Map 1517,tomstone,3.3
1518,Map 1518,fmora,2.1
1519,Map 1519,jchambers,2.1
1520,Map 1520,robinwhite,3.0
1521,Map 1521,lindsay66,1.8
1522,Map 1522,charles03,2.3
1523,Map 1523,joseph82,2.9
1524,Map 1524,kyleaguilar,2.3
1525,Map 1525,belltina,1.1
1526,Map 1526,rjenkins,1.0
1527,Map 1527,michelle76,4.4
1528,Map 1528,mbrown,2.3
1529,Map 1529,jessebrown,1.1
1530,Map 1530,klowe,2.8
1531,Map 1531,luis99,2.0
1532,Map 1532,timothy10,1.1
1533,Map 1533,kevin16,3.9
1534,Map 1534,tina45,2.9
1535,Map 1535,bentleymadison,2.8
1536,Map 1536,andersonlori,1.3
1537,Map 1537,omcmahon,3.5
1538,Map 1538,kcontreras,1.2
1539,Map 1539,barkerpaul,1.3
1540,Map 1540,boonekarla,1.4
1541,Map 1541,gjackson,4.1
1542,Map 1542,qbarrett,1.5
1543,Map 1543,znicholson,4.0
1544,Map 1544,ronaldbell,4.1
1545,Map 1545,chadglenn,2.0
1546,Map 1546,zsmith,4.3
1547,Map 1547,matthewstewart,3.2
1548,Map 1548,ivasquez,3.7
1549,Map 1549,melissajoseph,2.3
1550,Map 1550,kristen74,2.0
1551,Map 1551,katelynjones,4.2
1552,Map 1552,tina45,3.9
1553,Map 1553,qboyd,4.1
1554,Map 1554,nicole47,4.6
1555,Map 1555,joseph68,3.6
1556,Map 1556,brandonlee,4.8
1557,Map 1557,eric28,2.4
1558,Map 1558,katelynjones,3.0
1559,Map 1559,brent57,1.7
1560,Map 1560,ashleysnyder,4.2
1561,Map 1561,paul14,2.6
1562,Map 1562,ksteele,1.1
1563,Map 1563,fhood,4.2
1564,Map 1564,xsimmons,4.1
1565,Map 1565,julian18,3.8
1566,Map 1566,emartin,1.2
1567,Map 1567,whitemichael,2.8
1568,Map 1568,ghall,3.5
1569,Map 1569,hollysteele,3.0
1570,Map 1570,johnsontravis,1.7
1571,Map 1571,angelica15,2.3
1572,Map 1572,hurstleah,3.9
1573,Map 1573,martinkristin,4.0
1574,Map 1574,ashlee33,1.9
1575,Map 1575,micheleyu,3.5
1576,Map 1576,mcphersonhannah,3.1
1577,Map 1577,dennismelissa,2.6
1578,Map 1578,maria65,4.7
1579,Map 1579,fowen,2.0
1580,Map 1580,htorres,2.3
1581,Map 1581,robertsonwilliam,3.7
1582,Map 1582,meganlong,4.4
1583,Map 1583,brittanykennedy,2.0
1584,Map 1584,derek51,1.1
1585,Map 1585,shannonricky,2.9
1586,Map 1586,hayden62,4.0
1587,Map 1587,umclaughlin,4.6
1588,Map 1588,wareheidi,4.8
1589,Map 1589,asmith,3.6
1590,Map 1590,haynesdavid,4.2
1591,Map 1591,carl68,2.4
1592,Map 1592,stephanie56,1.2
1593,Map 1593,michael57,3.2
1594,Map 1594,lauradavis,3.1
1595,Map 1595,wproctor,3.8
1596,Map 1596,ufoster,1.6
1597,Map 1597,gonzaleseddie,1.9
1598,Map 1598,hermankristen,1.0
1599,Map 1599,orozcoandrew,1.3
1600,Map 1600,bvaughn,1.9
1601,Map 1601,leesharon,2.9
1602,Map 1602,russell65,4.3
1603,Map 1603,joseph82,4.0
1604,Map 1604,kevin16,1.8
1605,Map 1605,conradjohn,2.6
1606,Map 1606,duranronald,4.8
1607,Map 1607,ffrazier,3.9
1608,Map 1608,ahouse,3.6
1609,Map 1609,millermichael,2.7
1610,Map 1610,ecole,1.1
1611,Map 1611,umclaughlin,2.7
1612,Map 1612,greerkaren,1.8
1613,Map 1613,atyler,2.5
1614,Map 1614,ericrodriguez,1.0
1615,Map 1615,micheleguzman,2.0
1616,Map 1616,kristenjones,3.3
1617,Map 1617,murrayeric,4.8
1618,Map 1618,anne63,4.3
1619,Map 1619,calvincollins,1.4
1620,Map 1620,deanna87,2.3
1621,Map 1621,davidbullock,1.0
1622,Map 1622,steven55,1.3
1623,Map 1623,ramirezalexis,2.5
1624,Map 1624,danielsharp,2.6
1625,Map 1625,tina45,2.9
1626,Map 1626,christinajohnson,2.5
1627,Map 1627,ghall,1.8
1628,Map 1628,troycole,3.2
1629,Map 1629,adunn,1.6
1630,Map 1630,lopezbeth,3.6
1631,Map 1631,wilsonjulia,3.9
1632,Map 1632,crystalrussell,4.0
1633,Map 1633,angela49,3.9
1634,Map 1634,tina45,1.7
1635,Map 1635,kriggs,2.8
1636,Map 1636,stanleykeith,1.3
1637,Map 1637,evansryan,3.1
1638,Map 1638,anthony22,4.5
1639,Map 1639,mgriffin,2.1
1640,Map 1640,johnny36,1.1
1641,Map 1641,joseph62,4.5
1642,Map 1642,langkevin,4.8
1643,Map 1643,fosterdwayne,2.4
1644,Map 1644,ramoscarl,2.0
1645,Map 1645,johnsonricardo,2.8
1646,Map 1646,charlesrogers,1.8
1647,Map 1647,miguelhutchinson,4.4
1648,Map 1648,kurtdavis,3.0
1649,Map 1649,fhood,4.3
1650,Map 1650,clarkbailey,4.0
1651,Map 1651,ucarter,2.5
1652,Map 1652,mberry,3.2
1653,Map 1653,brendawilliams,2.7
1654,Map 1654,autumnsantiago,2.0
1655,Map 1655,victor49,2.2
1656,Map 1656,karenpatrick,1.7
1657,Map 1657,laura45,4.9
1658,Map 1658,linda84,3.7
1659,Map 1659,fowen,3.8
1660,Map 1660,keithlara,1.7
1661,Map 1661,caldwelljoseph,5.0
1662,Map 1662,stephenjacobs,2.1
1663,Map 1663,karenpatrick,2.6
1664,Map 1664,zacharycarter,1.6
1665,Map 1665,juliewilliams,4.9
1666,Map 1666,petersonhannah,4.5
1667,Map 1667,johnsonchad,1.0
1668,Map 1668,cschwartz,1.3
1669,Map 1669,jacob49,3.6
1670,Map 1670,whitney25,4.1
1671,Map 1671,awatts,2.2
1672,Map 1672,wadechristopher,3.5
1673,Map 1673,leahlong,2.4
1674,Map 1674,heather82,3.1
1675,Map 1675,johnsoncheryl,2.3
1676,Map 1676,mbrown,3.8
1677,Map 1677,zwatson,1.5
1678,Map 1678,burnsshari,3.4
1679,Map 1679,zbuchanan,3.1
1680,Map 1680,kiara58,3.1
1681,Map 1681,flowersmatthew,4.9
1682,Map 1682,stephanie68,3.6
1683,Map 1683,daniellereed,2.0
1684,Map 1684,amber42,2.9
1685,Map 1685,ashlee33,2.3
1686,Map 1686,yweaver,3.8
1687,Map 1687,zcruz,4.3
1688,Map 1688,daniel39,1.8
1689,Map 1689,danielwood,2.0
1690,Map 1690,mbrown,2.2
1691,Map 1691,heather82,4.2
1692,Map 1692,littledonna,1.5
1693,Map 1693,yweaver,1.2
1694,Map 1694,kevin12,2.6
1695,Map 1695,vharrell,3.6
1696,Map 1696,jason35,4.2
1697,Map 1697,samanthaoneal,1.8
1698,Map 1698,michellejames,1.6
1699,Map 1699,paul27,3.3
1700,Map 1700,luissmith,4.8
1701,Map 1701,lauraweiss,3.8
1702,Map 1702,zcruz,2.0
1703,Map 1703,theresa77,4.0
1704,Map 1704,eugene26,4.2
1705,Map 1705,markchavez,4.1
1706,Map 1706,kelsey54,4.8
1707,Map 1707,fgriffin,1.8
1708,Map 1708,tcox,4.0
1709,Map 1709,donald10,2.1
1710,Map 1710,emily19,3.0
1711,Map 1711,teresa49,3.8
1712,Map 1712,jason35,3.2
1713,Map 1713,qmorris,2.9
1714,Map 1714,crossbrent,2.2
1715,Map 1715,anne63,1.1
1716,Map 1716,michaelmyers,3.6
1717,Map 1717,marybraun,4.4
1718,Map 1718,tharris,2.5
1719,Map 1719,qmiller,3.8
1720,Map 1720,shannonanderson,3.2
1721,Map 1721,youngmatthew,3.9
1722,Map 1722,bfoster,4.1
1723,Map 1723,matthew20,4.8
1724,Map 1724,shannonanderson,2.6
1725,Map 1725,melissa82,3.3
1726,Map 1726,wrightjoseph,3.5
1727,Map 1727,klowe,2.6
1728,Map 1728,awatts,1.2
1729,Map 1729,lbarker,4.0
1730,Map 1730,amber42,3.5
1731,Map 1731,parkerhaley,1.6
1732,Map 1732,nicholassloan,1.5
1733,Map 1733,leahlong,1.4
1734,Map 1734,shannonricky,4.8
1735,Map 1735,michaelstevens,3.2
1736,Map 1736,james85,4.5
1737,Map 1737,james02,1.2
1738,Map 1738,heather67,2.8
1739,Map 1739,woodsdanielle,3.1
1740,Map 1740,angela49,2.5
1741,Map 1741,samuel67,3.5
1742,Map 1742,ksteele,3.3
1743,Map 1743,fstark,2.7
1744,Map 1744,adam50,3.2
1745,Map 1745,omooney,1.9
1746,Map 1746,mmoore,2.6
1747,Map 1747,craigelizabeth,3.3
1748,Map 1748,caldwelljoseph,4.5
1749,Map 1749,calvin75,3.2
1750,Map 1750,kevinwilliamson,1.6
1751,Map 1751,salinastodd,2.2
1752,Map 1752,lauraperez,3.4
1753,Map 1753,williamslaura,2.7
1754,Map 1754,christopher66,4.6
1755,Map 1755,josephmartinez,3.3
1756,Map 1756,jessebrown,4.9
1757,Map 1757,ricky57,1.8
1758,Map 1758,daniel96,1.6
1759,Map 1759,hurstleah,1.8
1760,Map 1760,meyersteven,2.8
1761,Map 1761,elizabeth70,2.9
1762,Map 1762,josephsmith,1.3
1763,Map 1763,mgeorge,4.7
1764,Map 1764,jacob49,2.1
1765,Map 1765,deborah86,4.4
1766,Map 1766,znicholson,4.1
1767,Map 1767,jenniferhess,2.9
1768,Map 1768,kelleysean,1.8
1769,Map 1769,devinbrooks,2.6
1770,Map 1770,zsmith,4.9
1771,Map 1771,palmermatthew,2.6
1772,Map 1772,blackburnchad,2.9
1773,Map 1773,leejennifer,4.4
1774,Map 1774,michellebrown,1.4
1775,Map 1775,amolina,4.3
1776,Map 1776,melissa82,4.3
1777,Map 1777,sarahburton,2.6
1778,Map 1778,yubecky,4.2
1779,Map 1779,nguyentravis,3.1
1780,Map 1780,joseph62,4.6
1781,Map 1781,justinconner,3.7
1782,Map 1782,juanrussell,1.4
1783,Map 1783,julie54,5.0
1784,Map 1784,wilsonderrick,3.2
1785,Map 1785,ramoscarl,1.6
1786,Map 1786,ewalker,1.8
1787,Map 1787,marissawatson,4.4
1788,Map 1788,jacob49,4.2
1789,Map 1789,anthonyfrey,4.5
1790,Map 1790,cwaters,3.4
1791,Map 1791,ksimpson,4.6
1792,Map 1792,whitemichael,2.5
1793,Map 1793,davidsonjennifer,1.9
1794,Map 1794,michaelmyers,2.5
1795,Map 1795,angelmartinez,4.3
1796,Map 1796,aclark,4.7
1797,Map 1797,thomaskristina,1.4
1798,Map 1798,ryan18,1.4
1799,Map 1799,uwalters,1.8
1800,Map 1800,atyler,4.6
1801,Map 1801,kellidavis,3.7
1802,Map 1802,danielwood,3.0
1803,Map 1803,andrewalvarado,2.7
1804,Map 1804,morganjennifer,4.0
1805,Map 1805,thomaselizabeth,1.1
1806,Map 1806,stephenjacobs,4.6
1807,Map 1807,aaron62,3.5
1808,Map 1808,tracicunningham,2.6
1809,Map 1809,timothy10,4.1
1810,Map 1810,loriclark,2.0
1811,Map 1811,umclaughlin,1.0
1812,Map 1812,fhood,4.8
1813,Map 1813,ismith,1.7
1814,Map 1814,nicholasball,1.3
1815,Map 1815,scott24,2.6
1816,Map 1816,qmiller,2.9
1817,Map 1817,emilywatson,4.9
1818,Map 1818,linda23,2.4
1819,Map 1819,ffrazier,3.4
1820,Map 1820,williamsdavid,2.2
1821,Map 1821,jason95,2.8
1822,Map 1822,simpsonjoseph,4.4
1823,Map 1823,andrew57,3.1
1824,Map 1824,katelynjones,1.6
1825,Map 1825,aclark,3.4
1826,Map 1826,timothy44,2.5
1827,Map 1827,johnhale,2.7
1828,Map 1828,nicholasball,4.0
1829,Map 1829,rickey16,4.0
1830,Map 1830,kevin16,2.6
1831,Map 1831,bvaughn,3.8
1832,Map 1832,hclark,2.2
1833,Map 1833,durhammelinda,1.7
1834,Map 1834,iwolfe,1.2
1835,Map 1835,elizabethgarcia,3.1
1836,Map 1836,kimberlyfischer,3.8
1837,Map 1837,tsolomon,4.9
1838,Map 1838,dtucker,3.9
1839,Map 1839,brad70,5.0
1840,Map 1840,courtneycastillo,3.3
1841,Map 1841,michellejames,3.4
1842,Map 1842,andreajones,3.2
1843,Map 1843,jacobglenn,2.1
1844,Map 1844,ashleysnyder,3.9
1845,Map 1845,williamsgina,4.6
1846,Map 1846,lisa03,1.0
1847,Map 1847,ynunez,1.0
1848,Map 1848,dennismelissa,3.0
1849,Map 1849,andrewsmith,1.5
1850,Map 1850,yvillanueva,4.4
1851,Map 1851,loriclark,1.7
1852,Map 1852,wadechristopher,1.1
1853,Map 1853,markgonzales,4.5
1854,Map 1854,haynesdavid,1.3
1855,Map 1855,louis89,3.7
1856,Map 1856,kennethbrown,2.3
1857,Map 1857,qpruitt,2.0
1858,Map 1858,cadkins,1.1
1859,Map 1859,michael27,1.7
1860,Map 1860,stephenjacobs,4.8
1861,Map 1861,nobrien,4.3
1862,Map 1862,floydmaria,1.5
1863,Map 1863,leroy59,3.1
1864,Map 1864,jacobglenn,1.7
1865,Map 1865,barkerpaul,2.5
1866,Map 1866,ksimpson,4.1
1867,Map 1867,gary86,3.3
1868,Map 1868,carol57,4.6
1869,Map 1869,gina37,1.5
1870,Map 1870,conradjohn,3.6
1871,Map 1871,odaniels,3.1
1872,Map 1872,marvin09,1.9
1873,Map 1873,cthornton,3.6
1874,Map 1874,veronica23,3.9
1875,Map 1875,rmedina,4.4
1876,Map 1876,egeorge,4.9
1877,Map 1877,pbrooks,2.6
1878,Map 1878,wilsonderrick,2.9
1879,Map 1879,samuel67,2.6
1880,Map 1880,james02,1.0
1881,Map 1881,rriddle,1.4
1882,Map 1882,rmedina,4.2
1883,Map 1883,wking,4.8
1884,Map 1884,pierceemily,1.1
1885,Map 1885,qcollier,3.5
1886,Map 1886,tarawhite,1.6
1887,Map 1887,lopezbeth,3.9
1888,Map 1888,rebecca95,1.2
1889,Map 1889,kristinrussell,2.6
1890,Map 1890,yallen,4.8
1891,Map 1891,hardyjeffrey,2.1
1892,Map 1892,francisco33,2.2
1893,Map 1893,wilsonfrank,2.1
1894,Map 1894,whitegeorge,3.0
1895,Map 1895,brandon60,4.9
1896,Map 1896,karispence,2.2
1897,Map 1897,bryantjulie,4.7
1898,Map 1898,tina45,3.1
1899,Map 1899,aguilarjonathan,4.6
1900,Map 1900,bakertammy,3.7
1901,Map 1901,terrytaylor,5.0
1902,Map 1902,urobinson,2.3
1903,Map 1903,belltina,4.7
1904,Map 1904,samanthakaiser,3.2
1905,Map 1905,patricia02,3.7
1906,Map 1906,deborah86,2.7
1907,Map 1907,brandon60,2.5
1908,Map 1908,thomaslarson,2.2
1909,Map 1909,fgriffin,4.7
1910,Map 1910,goodwinjohn,4.6
1911,Map 1911,cjohnson,1.5
1912,Map 1912,jacobscody,5.0
1913,Map 1913,careymark,3.1
1914,Map 1914,kelleysean,4.9
1915,Map 1915,brandonsantos,4.4
1916,Map 1916,alyssastanley,1.6
1917,Map 1917,micheal08,1.8
1918,Map 1918,trodriguez,2.4
1919,Map 1919,mollymartinez,2.8
1920,Map 1920,xmartinez,4.6
1921,Map 1921,davisbrian,3.0
1922,Map 1922,shall,2.0
1923,Map 1923,cassidyalexander,3.5
1924,Map 1924,xruiz,3.2
1925,Map 1925,tomstone,3.1
1926,Map 1926,deborah86,1.3
1927,Map 1927,kmejia,2.7
1928,Map 1928,ramirezalexis,4.7
1929,Map 1929,alejandroaguilar,2.4
1930,Map 1930,bfoster,1.0
1931,Map 1931,morandaniel,1.1
1932,Map 1932,iwolfe,2.4
1933,Map 1933,andersonlori,2.9
1934,Map 1934,brandonsantos,1.8
1935,Map 1935,schmidtannette,2.0
1936,Map 1936,danielle90,1.7
1937,Map 1937,yaustin,1.9
1938,Map 1938,ismith,4.4
1939,Map 1939,hernandezterrance,4.8
1940,Map 1940,fwilliams,2.0
1941,Map 1941,jessebrown,1.4
1942,Map 1942,amber42,1.4
1943,Map 1943,terrireyes,3.2
1944,Map 1944,padillajoseph,1.6
1945,Map 1945,baldwinjulie,1.2
1946,Map 1946,lindacruz,2.7
1947,Map 1947,holmesstacy,4.3
1948,Map 1948,stanleykeith,2.2
1949,Map 1949,ebraun,1.5
1950,Map 1950,jessica29,2.2
1951,Map 1951,gonzaleseddie,1.5
1952,Map 1952,keithjones,1.1
1953,Map 1953,mark24,3.3
1954,Map 1954,miguelhutchinson,3.9
1955,Map 1955,morristiffany,4.9
1956,Map 1956,zjenkins,3.3
1957,Map 1957,gibsonjenna,2.1
1958,Map 1958,chadglenn,3.3
1959,Map 1959,samanthasaunders,1.7
1960,Map 1960,gfox,2.6
1961,Map 1961,michellebrown,2.5
1962,Map 1962,bradley61,3.2
1963,Map 1963,gwendolyn48,4.1
1964,Map 1964,johnsontravis,3.3
1965,Map 1965,kiara58,1.2
1966,Map 1966,danielwood,3.5
1967,Map 1967,bradley61,2.8
1968,Map 1968,amber42,2.4
1969,Map 1969,yubecky,1.9
1970,Map 1970,melindamyers,2.3
1971,Map 1971,juliewilliams,4.5
1972,Map 1972,hansenernest,4.6
1973,Map 1973,joelhamilton,4.3
1974,Map 1974,jennifer75,3.7
1975,Map 1975,gbarrett,1.7
1976,Map 1976,meganlong,3.9
1977,Map 1977,nguyentravis,4.1
1978,Map 1978,crystalrussell,1.5
1979,Map 1979,phernandez,4.4
1980,Map 1980,ashley54,2.0
1981,Map 1981,brittanykennedy,1.6
1982,Map 1982,carterzoe,4.7
1983,Map 1983,andersonlori,1.0
1984,Map 1984,amberbrown,1.5
1985,Map 1985,smithapril,3.3
1986,Map 1986,jason66,3.7
1987,Map 1987,zcruz,4.2
1988,Map 1988,hurleyshane,3.6
1989,Map 1989,travishughes,2.0
1990,Map 1990,sarahburton,3.0
1991,Map 1991,littledonna,4.1
1992,Map 1992,ryanschwartz,2.5
1993,Map 1993,jocelynyoung,1.0
1994,Map 1994,johnmartinez,2.3
1995,Map 1995,linda23,3.6
1996,Map 1996,kimberlyfischer,3.5
1997,Map 1997,burgessallen,2.7
1998,Map 1998,nicholasball,5.0
1999,Map 1999,elizabethedwards,2.4
2000,Map 2000,davidsonjennifer,1.9
